{"beta": [0.333333333, 0.2222222222222222, 0.5555555555555556],
 "beta_post": [0.066666667, 0.011111111111111112, 0.2222222222222222],
 "patient0": [15, 1, 50],
 "dm_r": [9, 6, 21],
 "dm_incub": [4, 3, 7]}